Name,Platform,Token utility,Technicality,Token distributions,Use_of_funds,Lockup,Vesting,Risk,Governance,team_bio,team_tech,team_market,team_size,advisor_size,advisor_tech,Basics ,Application
Bankera,0,1,0,1,0,0,0,0,0,3,2,2,13,0,0,3,2
Tezos,0,1,1,0,0,0,0,0,0,0,0,0,0,0,0,1,2
Centrality,0,2,1,1,0,1,0,1,0,3,2,2,14,0,0,0,NA
Dragon Coins,0,1,1,1,1,0,0,0,1,3,1,0,5,12,2,1,2
EOS,1,2,2,0,0,0,0,0,0,0,0,0,0,0,0,0,NA
Filecoin [Futures],,,,,,,,,,,,,,,,3,4
QASH,,,,,,,,,,,,,,,,1,2
Envion,0,2,2,1,1,0,0,0,1,3,2,1,6,0,0,2,2
LIQUID,1,2,1,1,1,0,0,1,1,3,1,1,9,0,0,1,2
Orbs,1,2,2,0,0,0,0,1,0,0,0,0,0,0,0,0,NA
Polkadot,1,2,2,0,0,0,0,0,1,0,0,0,0,0,0,0,NA
SIRIN LABS Token,0,0,1,1,1,1,0,1,0,0,0,0,0,0,0,3,4
Status,0,2,1,1,1,1,1,0,1,2,0,0,12,10,1,3,4
The Bancor Protocol,0,1,0,0,0,0,0,0,0,2,0,0,6,0,0,3,2
0X,,,,,,,,,,,,,,,,3,2
4NEW.txt,0,1,0,,,,,,,,,,,,,2,3
ADAMANT Messenger,1,2,1,1,1,0,0,0,0,3,1,0,7,0,0,3,4
adbank,0,2,0,,,,,,,,,,,,,3,4
Adex,0,2,1,,,,,,,,,,,,,3,4
AdHive,0,1,1,,,,,,,,,,,,,3,4
Adshares,0,1,1,,,,,,,,,,,,,3,4
AdToken,0,1,0,,,,,,,,,,,,,3,4
aelf,0,0,1,,,,,,,,,,,,,0,NA
Agrello,1,2,2,,,,,,,,,,,,,3,1
AidCoin,0,0,0,,,,,,,,,,,,,1,1
AirSwap,0,0,0,0,0,0,0,0,0,0,0,0,0,0,0,3,2
Airtoken,0,1,0,,,,,,,,,,,,,3,4
Alphacat,0,1,0,1,1,1,0,1,1,3,1,0,7,17,0,3,3
Ambrosus,,,,,,,,,,,,,,,,3,1
ALTEUM,1,2,1,,,,,,,,,,,,,1,2
Apex,,,,,,,,,,,,,,,,3,4
AMLT Token,1,2,1,0,0,0,0,0,0,3,2,0,6,3,0,1,2
AppCoins,,,,,,,,,,,,,,,,1,3
Aragon,,,,,,,,,,,,,,,,1,4
Arcblock,,,,,,,,,,,,,,,,0,NA
Aventus,,,,,,,,,,,,,,,,1,3
ATBCoin,0,0,1,0,0,0,0,1,1,0,0,0,0,0,0,1,NA
Axpire,0,0,1,1,0,0,0,1,0,3,2,2,15,11,1,3,3
BABB,,,,,,,,,,,,,,,,1,2
Banca,0,1,1,,,,,,,,,,,,,3,3
BankEx,,,,,,,,,,,,,,,,2,2
Basic Attention Token,0,1,1,,,,,,,,,,,,,3,4
Bee Token,0,0,1,,,,,,,,,,,,,1,2
BETEX,0,1,0,,,,,,,,,,,,,3,2
Bezant,0,2,0,,,,,,,,,,,,,1,3
BFToken,0,0,0,,,,,,,,,,,,,3,2
Biocoin,0,1,1,1,0,0,0,0,0,3,2,1,9,5,1,1,3
Bitbounce,0,1,0,,,,,,,,,,,,,1,4
Bitclave,0,2,1,,,,,,,,,,,,,1,4
BITCOINUS,0,1,1,,,,,,,,,,,,,1,NA
BitDegree,0,2,1,,,,,,,,,,,,,3,3
BitRent,0,1,0,,,,,,,,,,,,,3,4
Bitxoxo,0,0,0,1,1,1,1,1,0,3,2,1,10,9,1,3,2
Blackmoon,0,1,1,,,,,,,,,,,,,3,2
Block Array,0,1,0,,,,,,,,,,,,,3,4
Blockport,0,1,1,,,,,,,,,,,,,1,NA
Blockstack,1,2,2,,,,,,,,,,,,,3,NA
Bloom,,,,,,,,,,,,,,,,3,1
BlockV,0,1,1,1,1,1,1,0,0,3,2,2,4,9,1,0,3
Bluzelle,,,,,,,,,,,,,,,,3,4
Bodhi,0,1,1,1,1,0,0,1,0,1,0,0,0,0,0,3,3
Boscoin,,,,,,,,,,,,,,,,1,NA
Bread,0,0,0,0,0,0,0,0,0,3,2,2,14,6,0,1,NA
Bridge Protocol,1,1,0,1,1,0,0,1,0,0,0,0,0,0,0,3,1
Budbo,,,,,,,,,,,,,,,,1,3
Car Vertical,,,,,,,,,,,,,,,,3,3
Cashaa,,,,,,,,,,,,,,,,1,2
CEDEX,0,1,0,1,1,0,1,1,0,3,1,1,14,8,1,2,3
Celsius,0,1,0,,,,,,,,,,,,,3,2
Centra,0,1,0,,,,,,,,,,,,,1,2
CFun,0,2,1,,,,,,,,,,,,,1,4
ChainLink,0,2,2,,,,,,,,,,,,,3,4
ChainTrade,0,2,0,,,,,,,,,,,,,1,2
Change,0,0,0,,,,,,,,,,,,,1,NA
Cindicator,0,1,2,,,,,,,,,,,,,3,2
Civic,1,2,1,,,,,,,,,,,,,3,1
Cofound,0,0,0,,,,,,,,,,,,,3,NA
Coinlancer,0,1,0,,,,,,,,,,,,,1,3
Colu Local Network,0,0,1,,,,,,,,,,,,,1,NA
COMSA [ETH],1,2,1,1,0,0,0,0,0,1,0,0,0,0,0,0,NA
Cool Cousin,0,1,1,,,,,,,,,,,,,1,3
Copytrack,1,2,1,0,0,0,0,0,0,0,0,0,0,0,0,3,1
Cosmochain,0,1,1,,,,,,,,,,,,,1,4
Cosmos,1,2,1,,,,,,,,,,,,,1,NA
Covesting,0,1,0,,,,,,,,,,,,,3,2
CPChain,0,0,1,,,,,,,,,,,,,0,4
Crafty,0,1,0,,,,,,,,,,,,,1,4
Credits,1,0,1,,,,,,,,,,,,,1,NA
Crypterium,0,1,0,,,,,,,,,,,,,1,2
Crypto20,0,1,2,,,,,,,,,,,,,2,2
Cryptopay,,,,,,,,,,,,,,,,1,2
Current,0,2,1,,,,,,,,,,,,,1,4
CyberMiles,0,2,0,0,1,0,1,1,1,3,1,1,10,0,0,1,3
CyberTrust,,,,,,,,,,,,,,,,3,NA
Cypherium,1,2,2,,,,,,,,,,,,,1,NA
Dadi,0,2,1,,,,,,,,,,,,,3,NA
DAO Casino,0,2,1,,,,,,,,,,,,,1,NA
DAOstack,2,0,1,,,,,,,,,,,,,0,NA
DateCoin,0,1,0,,,,,,,,,,,,,3,4
Datawallet,0,2,2,,,,,,,,,,,,,3,4
Debitum Network,0,1,0,,,,,,,,,,,,,3,2
DecentBet,0,2,0,,,,,,,,,,,,,1,NA
Deex,,,,,,,,,,,,,,,,1,2
Denaro,0,1,0,,,,,,,,,,,,,1,2
Dether,0,1,1,,,,,,,,,,,,,1,2
Devery,0,2,2,,,,,,,,,,,,,3,1
Digital Ticks,0,1,0,1,1,0,0,0,0,1,0,0,0,0,0,3,2
DIMCOIN,,,,,,,,,,,,,,,,1,2
Districts,,,,,,,,,,,,,,,,3,NA
DitCoin,,,,,,,,,,,,,,,,1,2
Dmarket,,,,,,,,,,,,,,,,3,3
DML,,,,,,,,,,,,,,,,3,NA
Doc.ai,,,,,,,,,,,,,,,,3,NA
Dock.io,,,,,,,,,,,,,,,,3,4
DomRaider,,,,,,,,,,,,,,,,3,3
Dragonchain,,,,,,,,,,,,,,,,0,NA
Earth Token,0,0,0,,,,,,,,,,,,,1,3
EchoLink,0,2,1,,,,,,,,,,,,,1,4
Effect.AI,0,2,2,,,,,,,,,,,,,3,NA
Eidoo,0,2,0,1,0,1,0,1,1,0,0,0,0,0,0,1,NA
Elastos,1,2,1,1,0,0,0,0,0,0,0,0,0,0,0,3,1
Electrify,0,1,0,,,,,,,,,,,,,2,3
Electroneum,,,,,,,,,,,,,,,,1,NA
Eligma,0,2,0,,,,,,,,,,,,,3,3
Endor,2,2,2,,,,,,,,,,,,,3,NA
energiToken,0,1,0,1,0,0,0,0,0,3,1,2,6,9,1,2,3
Enigma,1,2,2,,,,,,,,,,,,,3,4
Enjin Coin,0,1,0,,,,,,,,,,,,,1,3
Ether PARTY,0,2,0,,,,,,,,,,,,,3,1
etherecash,0,2,0,,,,,,,,,,,,,1,2
Ethereum,,,,,,,,,,,,,,,,0,NA
ETHLend,0,2,1,,,,,,,,,,,,,1,2
Eventchain,0,2,0,,,,,,,,,,,,,1,3
Everex,0,2,2,,,,,,,,,,,,,3,2
EZPOS,0,1,1,1,1,0,0,1,0,3,1,2,5,4,0,3,3
Faceter,0,1,0,,,,,,,,,,,,,3,3
Finom,0,0,1,,,,,,,,,,,,,1,2
Finshi Capital,0,0,0,,,,,,,,,,,,,2,2
Fintrux,0,1,0,,,,,,,,,,,,,2,2
Fluz Fluz,0,0,0,,,,,,,,,,,,,3,2
FortKnoxster,0,1,1,,,,,,,,,,,,,3,4
Fortuna,1,2,1,,,,,,,,,,,,,1,2
Friendz,0,1,0,1,1,1,1,1,1,3,1,2,15,0,0,3,4
Funfair,0,2,1,1,0,1,1,1,0,3,1,2,2,0,0,1,3
Fusion,,,,,,,,,,,,,,,,2,2
FuzeX,,,,,,,,,,,,,,,,1,2
Galaxy eSolutions,0,1,0,1,1,0,1,1,1,3,2,2,8,10,1,1,3
Gameflip,0,1,0,1,1,0,0,0,1,3,1,2,7,11,1,1,3
GAT Coin,0,1,1,1,1,0,0,1,0,3,1,1,9,7,0,3,3
GBX,,,,,,,,,,,,,,,,3,2
Gifto,,,,,,,,,,,,,,,,1,3
Giga Watt,,,,,,,,,,,,,,,,2,3
Gladius Token,0,2,0,,,,,,,,,,,,,3,4
Global Cryptocurrency,0,1,0,,,,,,,,,,,,,1,NA
Globitex,0,1,1,1,1,1,0,1,1,3,1,1,4,8,1,1,2
Gnosis,0,2,1,1,0,1,1,0,0,3,2,0,3,6,1,3,2
GoChain,0,0,1,,,,,,,,,,,,,1,NA
Grain,0,2,0,,,,,,,,,,,,,1,1
GreenMed,0,1,0,,,,,,,,,,,,,1,NA
Gridplus,0,2,1,,,,,,,,,,,,,1,3
Havven,,,,,,,,,,,,,,,,1,NA
Hdac,0,2,2,,,,,,,,,,,,,1,3
Healthureum,0,1,0,,,,,,,,,,,,,3,4
Helbiz,0,1,0,1,1,1,1,0,0,3,2,1,8,4,1,1,3
Hero Node,1,0,1,,,,,,,,,,,,,0,NA
HOLD,0,1,0,1,1,1,0,1,0,3,2,2,13,11,1,1,2
Holo,0,0,1,,,,,,,,,,,,,0,NA
HOQU,0,0,0,,,,,,,,,,,,,1,4
HoToken,0,0,1,0,0,0,0,1,1,3,1,2,11,6,1,3,4
Hurify,0,1,1,,,,,,,,,,,,,3,3
HYCON,1,NA,1,,,,,,,,,,,,,1,NA
Hydro Protocol,0,0,0,,,,,,,,,,,,,1,2
ICOBox,0,1,0,1,0,0,0,1,0,2,1,1,17,0,0,1,3
ICON,,,,,,,,,,,,,,,,3,2
Iconomi,,,,,,,,,,,,,,,,NA,2
iExec RLC,0,2,1,1,1,0,0,0,0,3,2,1,10,0,0,0,NA
Ignis,,,,,,,,,,,,,,,,1,3
IHT Real Estate Protocol,,,,,,,,,,,,,,,,1,4
ILCOIN,,,,,,,,,,,,,,,,1,NA
indaHash,,,,,,,,,,,,,,,,3,4
Ink Protocol,,,,,,,,,,,,,,,,1,3
INS Ecosystem,0,2,1,,,,,,,,,,,,,1,3
Insights Network,0,2,0,,,,,,,,,,,,,1,4
Insurepal,0,1,0,1,0,0,0,1,0,3,1,2,7,8,1,1,3
intimate,,,,,,,,,,,,,,,,1,3
Invacio,0,2,1,,,,,,,,,,,,,3,3
IUNGO,0,1,1,,,,,,,,,,,,,3,3
Jet8,0,1,0,1,0,1,0,0,1,2,1,1,32,29,1,1,4
jibrel Network,0,2,2,,,,,,,,,,,,,2,2
Karma,0,1,0,,,,,,,,,,,,,3,3
KickCoin,0,1,0,0,1,0,0,1,0,2,0,0,6,0,0,1,2
Kin,0,1,0,1,0,0,1,0,1,3,1,2,20,7,0,3,4
Kind Ads System,0,1,0,,,,,,,,,,,,,1,4
Kyber Network,0,2,1,0,1,0,0,1,0,3,2,0,4,5,1,1,NA
KYC.LEGAL,0,2,0,,,,,,,,,,,,,3,1
LaLa World,0,2,0,,,,,,,,,,,,,1,2
Lamden,0,2,1,0,0,0,0,0,0,0,0,0,0,0,0,1,NA
Lampix,0,1,1,,,,,,,,,,,,,1,NA
LatiumX,0,0,0,,,,,,,,,,,,,1,3
LAToken,0,2,1,0,0,0,0,1,0,3,0,1,4,0,0,1,2
Leadcoin,0,1,0,,,,,,,,,,,,,1,4
Legolas Exchange,0,0,1,,,,,,,,,,,,,3,2
Lendroid Support Token,0,2,1,0,0,0,0,0,0,1,0,0,0,0,0,3,2
Leverj,0,0,0,,,,,,,,,,,,,1,2
LHCrypto,0,1,1,1,1,0,1,0,0,0,0,0,0,0,0,1,2
Libra Credit,0,1,1,,,,,,,,,,,,,3,2
LinkerCoin,0,1,1,,,,,,,,,,,,,3,2
LocalCoinSwap,0,1,0,1,1,1,0,1,0,3,1,1,6,0,0,3,2
Loopring,,,,,,,,,,,,,,,,1,2
Luna Coin,,,,,,,,,,,,,,,,3,4
Lydian,,,,,,,,,,,,,,,,1,4
Lympo,,,,,,,,,,,,,,,,3,4
Maecenas,,,,,,,,,,,,,,,,1,3
Matrix AI Network,,,,,,,,,,,,,,,,1,NA
MediBloc,,,,,,,,,,,,,,,,1,4
Medicalchain,0,1,0,1,1,1,1,1,0,1,0,0,0,0,0,3,4
Mercury Protocol,0,2,0,0,0,0,0,0,1,1,1,0,15,2,1,3,4
Micromoney,,,,,,,,,,,,,,,,1,2
MobileGo,0,1,1,1,1,0,0,1,0,3,2,0,6,0,0,1,3
Mobius,1,1,2,,,,,,,,,,,,,1,NA
ModulTrade,0,2,1,,,,,,,,,,,,,1,3
modum,0,0,0,,,,,,,,,,,,,3,4
Moeda,0,2,0,,,,,,,,,,,,,3,2
Monaco,0,0,0,,,,,,,,,,,,,1,NA
Monetha,0,0,0,0,1,0,1,1,1,3,1,2,10,5,1,1,NA
MoneyToken,0,2,1,,,,,,,,,,,,,NA,2
Morpheus Infrastructure Token,,,,,,,,,,,,,,,,1,NA
Mysterium,0,2,1,,,,,,,,,,,,,3,NA
Naga Group,0,1,1,0,0,0,0,1,0,3,1,1,27,4,1,1,3
NapoleonX,,,,,,,,,,,,,,,,3,2
Narrative,,,,,,,,,,,,,,,,1,4
Nebulas,,,,,,,,,,,,,,,,NA,4
Neufund,1,1,2,1,0,0,0,1,1,3,2,1,3,9,1,1,2
Neuromation,,,,,,,,,,,,,,,,3,4
NEXO,,,,,,,,,,,,,,,,3,2
Nimiq,,,,,,,,,,,,,,,,1,NA
NKN,,,,,,,,,,,,,,,,1,4
Nucleus Vision,,,,,,,,,,,,,,,,1,1
Ocean Protocol,,,,,,,,,,,,,,,,1,3
Odyssey,0,0,1,0,0,0,0,1,1,3,2,0,9,10,1,1,3
Olympus Labs,,,,,,,,,,,,,,,,3,2
Omise GO,,,,,,,,,,,,,,,,1,2
On.Live,,,,,,,,,,,,,,,,3,4
Open ANX,,,,,,,,,,,,,,,,3,2
Open Platform,,,,,,,,,,,,,,,,0,NA
Oracles Network,,,,,,,,,,,,,,,,NA,NA
Origintrail,,,,,,,,,,,,,,,,3,4
ORS ICO,,,,,,,,,,,,,,,,3,1
Pareto Network,0,2,1,,,,,,,,,,,,,3,4
PATRON,0,2,1,,,,,,,,,,,,,3,4
Paycent,,,,,,,,,,,,,,,,1,2
Paypie,0,2,1,,,,,,,,,,,,,3,4
Pecunio,0,1,0,1,0,1,0,1,0,3,1,1,10,1,1,1,2
Peerbanks,0,0,0,,,,,,,,,,,,,3,2
Pibble,0,2,1,,,,,,,,,,,,,3,4
Pillar,0,2,1,0,0,0,0,1,1,3,1,1,4,21,1,3,4
Pindify,1,1,0,0,0,0,0,0,0,3,1,1,9,3,1,3,4
Play2live,1,2,1,,,,,,,,,,,,,3,4
Playkey,0,1,1,,,,,,,,,,,,,3,3
Poet,0,2,1,,,,,,,,,,,,,3,4
PolicyPal Network,0,1,1,,,,,,,,,,,,,1,2
Polybuis,0,2,1,,,,,,,,,,,,,1,NA
Polyswarm,0,1,1,,,,,,,,,,,,,3,NA
Populous,0,2,1,,,,,,,,,,,,,3,2
Power Ledger,1,1,0,0,0,0,0,0,0,3,2,1,21,0,0,2,NA
Presearch,0,0,1,,,,,,,,,,,,,1,2
Primas,0,2,2,1,0,1,0,1,1,3,2,2,9,0,0,3,4
Project Shivom,1,2,1,0,0,0,0,1,1,3,2,2,4,11,1,3,4
Props,0,2,2,0,0,0,0,1,1,3,1,2,5,0,0,3,4
Propy,,,,,,,,,,,,,,,,1,3
Pundi X,0,0,1,,,,,,,,,,,,,1,NA
QLINK,,,,,,,,,,,,,,,,3,3
Qtum,,,,,,,,,,,,,,,,1,2
Quant Network,,,,,,,,,,,,,,,,3,2
Quantstamp,,,,,,,,,,,,,,,,3,1
Raiden Network Token,,,,,,,,,,,,,,,,3,2
Real,,,,,,,,,,,,,,,,1,2
Red Pulse ,0,1,1,,,,,,,,,,,,,1,3
Refereum,0,1,0,0,0,0,0,1,0,3,2,1,10,4,1,3,3
REMME,,,,,,,,,,,,,,,,1,3
Rentberry,,,,,,,,,,,,,,,,1,3
Request Network,,,,,,,,,,,,,,,,1,NA
Republic Protocol,1,0,1,0,0,0,0,0,0,0,0,0,0,0,0,3,2
Restart Energy MWAT,0,1,0,1,1,0,1,1,0,3,2,1,16,10,1,2,3
Rialto,,,,,,,,,,,,,,,,3,2
Ripio,,,,,,,,,,,,,,,,3,2
Rivetz,,,,,,,,,,,,,,,,3,1
Robotina,0,2,1,1,1,0,1,1,0,3,2,2,16,16,1,3,NA
SALT,0,1,1,,,,,,,,,,,,,1,2
Santiment Network Token,1,2,1,1,0,0,0,0,0,0,0,0,0,0,0,3,2
Sapien,0,1,1,,,,,,,,,,,,,1,4
Savedroid,0,2,1,,,,,,,,,,,,,NA,2
Science Blockchain,0,0,1,,,,,,,,,,,,,1,NA
Seele,1,2,1,,,,,,,,,,,,0,1,NA
Selfkey,0,1,2,0,0,0,0,1,1,1,0,0,0,0,0,3,1
Sense,0,2,1,,,,,,,,,,,,,3,4
Sentinel Chain,0,1,1,,,,,,,,,,,,,3,2
Serenity,,,,,,,,,,,,,,,,3,2
Sether,,,,,,,,,,,,,,,,3,4
SHIFT.cash,0,1,0,1,0,0,0,0,0,3,1,1,8,0,0,3,2
Shipchain,,,,,,,,,,,,,,,,3,4
Simple Token,0,1,0,1,1,0,1,1,1,3,2,1,8,0,0,1,3
SingularityNET,,,,,,,,,,,,,,,,3,3
SIX.Network,,,,,,,,,,,,,,,,1,2
SmartMesh,0,1,0,1,1,1,1,0,1,3,0,1,6,0,0,3,4
Solve.Care,,,,,,,,,,,,,,,,3,NA
SONM,,,,,,,,,,,,,,,,1,3
SophiaTX,,,,,,,,,,,,,,,,1,NA
Sphere Social,,,,,,,,,,,,,,,,3,4
STK,,,,,,,,,,,,,,,,1,NA
Storiqa,0,2,0,1,0,1,0,1,0,3,0,2,3,9,1,1,3
Storj,,,,,,,,,,,,,,,,1,4
Storm,0,1,0,0,0,0,0,0,0,3,1,2,12,12,1,3,4
Stox,0,1,0,1,1,0,1,1,0,3,2,1,19,6,1,3,NA
Streamr DATAcoin,0,2,1,0,0,0,0,0,0,3,2,2,4,0,0,3,4
Substratum,,,,,,,,,,,,,,,,3,4
Swissborg,0,0,0,1,1,0,1,1,1,3,1,1,6,9,0,3,2
TBIS,0,2,1,1,0,0,0,0,0,2,0,0,6,0,0,3,NA
TE-FOOD,,,,,,,,,,,,,,,,3,1
Telcoin,0,1,0,0,0,0,0,0,0,3,1,2,10,0,0,3,NA
TenX,,,,,,,,,,,,,,,,1,2
The Bee Token,,,,,,,,,,,,,,,,3,4
Thekey.vip,0,2,0,0,0,0,0,0,0,3,2,1,28,2,1,3,1
THETA,,,,,,,,,,,,,,,,3,4
Thought Network,,,,,,,,,,,,,,,,3,NA
Thrive,,,,,,,,,,,,,,,,3,4
Tierion,1,0,2,0,0,0,0,0,0,1,0,0,0,0,0,3,1
Time New Bank,,,,,,,,,,,,,,,,1,3
Tokencard,0,0,1,0,1,1,0,0,0,1,0,0,0,0,0,1,2
TokenDesk,,,,,,,,,,,,,,,,1,2
Tokenomy,,,,,,,,,,,,,,,,3,NA
TokenPay,,,,,,,,,,,,,,,,1,2
Tokens,,,,,,,,,,,,,,,,3,2
TOKIA,,,,,,,,,,,,,,,,1,2
Trade Token,0,0,0,1,1,0,0,1,0,3,0,1,15,11,0,3,3
TraDove,0,0,1,,,,,,,,,,,,,1,3
Trakinvest,0,1,1,1,1,0,0,0,0,3,2,1,14,10,1,3,3
Transcodium,0,1,1,,,,,,,,,,,,,3,4
Traxia,0,1,1,,,,,,,,,,,,,3,2
Trinity Network Credit,,,,,,,,,,,,,,,,1,NA
TTC PROTOCOL,,,,,,,,,,,,,,,,3,4
Unibright,0,1,2,1,1,1,0,1,1,0,0,0,0,0,0,3,4
Unikrn,,,,,,,,,,,,,,,,3,NA
United Traders,,,,,,,,,,,,,,,,3,2
Universa,,,,,,,,,,,,,,,,1,NA
Uptoken,,,,,,,,,,,,,,,,1,2
Uquid Coin,,,,,,,,,,,,,,,,1,2
USERVICE,,,,,,,,,,,,,,,,3,3
UTRUST,0,1,0,1,1,0,1,1,0,3,2,1,15,9,1,1,3
Uttoken,0,1,1,1,1,1,0,1,0,2,1,1,37,0,0,3,2
VALID,,,,,,,,,,,,,,,,3,1
Veritaseum,,,,,,,,,,,,,,,,3,2
Viberate,,,,,,,,,,,,,,,,3,3
VideoCoin,,,,,,,,,,,,,,,,3,4
Viewly,,,,,,,,,,,,,,,,3,4
Virtue Poker,,,,,,,,,,,,,,,,3,NA
WaBi,,,,,,,,,,,,,,,,3,1
Wagerr,,,,,,,,,,,,,,,,1,3
Wanchain,,,,,,,,,,,,,,,,1,2
Waves,,,,,,,,,,,,,,,,NA,2
WAX,,,,,,,,,,,,,,,,1,3
WePower,,,,,,,,,,,,,,,,2,3
Winding Tree,,,,,,,,,,,,,,,,1,3
XchangeRate,,,,,,,,,,,,,,,,3,NA
XPlay,,,,,,,,,,,,,,,,1,2
XYO Network,,,,,,,,,,,,,,,,3,4
YGGDRASH,,,,,,,,,,,,,,,,0,NA
Zeepin,,,,,,,,,,,,,,,,3,3
Zen Protocol,,,,,,,,,,,,,,,,1,2
Zilliqa,,,,,,,,,,,,,,,,1,NA
1mil,,,,,,,,,,,,,,,,,
88 Coin,,,,,,,,,,,,,,,,1,2
300cubits TEU,0,0,0,1,1,1,0,1,0,3,0,1,2,3,0,1,3
AB-CHAIN,,,,,,,,,,,,,,,,3,4
Accord ICO,,,,,,,,,,,,,,,,1,NA
Adel,1,2,1,1,1,0,0,0,0,3,1,1,5,0,0,0,NA
Aditus,,,,,,,,,,,,,,,,1,3
Aeron,,,,,,,,,,,,,,,,3,4
Aeternity,,,,,,,,,,,,,,,,1,NA
Africunia,,,,,,,,,,,,,,,,1,2
AI Coin,,,,,,,,,,,,,,,,3,3
Aigang,0,1,0,1,1,1,1,0,0,3,1,1,7,3,1,1,3
Aion,1,2,2,0,0,0,0,0,0,1,0,0,0,0,0,0,NA
Air platform,,,,,,,,,,,,,,,,3,1
ALEPH Market,,,,,,,,,,,,,,,,1,3
ALIS,0,1,0,1,1,0,0,0,0,3,1,0,5,0,0,3,4
Altocar,,,,,,,,,,,,,,,,1,3
Alttex,0,2,1,1,0,0,0,0,0,2,0,0,16,16,0,NA,NA
Ambit,,,,,,,,,,,,,,,,2,3
Anryze,,,,,,,,,,,,,,,,3,3
Aphelion,,,,,,,,,,,,,,,,0,2
Artis Turba,,,,,,,,,,,,,,,,3,3
ARToken,,,,,,,,,,,,,,,,3,4
Astronaut Capital,,,,,,,,,,,,,,,,1,2
ATFS Lab,,,,,,,,,,,,,,,,1,3
Atlant,0,1,1,0,0,0,0,0,0,0,0,0,0,0,0,3,3
Auctus,,,,,,,,,,,,,,,,3,3
Augmentors,,,,,,,,,,,,,,,,1,3
Augur,,,,,,,,,,,,,,,,3,3
Aurora DAO,,,,,,,,,,,,,,,,3,3
Authoreon,,,,,,,,,,,,,,,,3,1
B2BX,,,,,,,,,,,,,,,,3,2
Bank4YOU,,,,,,,,,,,,,,,,1,4
BCDiploma,,,,,,,,,,,,,,,,3,1
BCSHOP,,,,,,,,,,,,,,,,1,3
Belrium,,,,,,,,,,,,,,,,1,NA
Beluga Pay,,,,,,,,,,,,,,,,1,3
BetKing,,,,,,,,,,,,,,,,NA,NA
Betmaster,0,1,0,0,0,0,0,1,0,3,1,1,16,0,0,1,3
Betrium,,,,,,,,,,,,,,,,1,3
Bigbom Eco,,,,,,,,,,,,,,,,3,4
BIT.GAME,,,,,,,,,,,,,,,,3,3
BitBoost,,,,,,,,,,,,,,,,1,3
BitCoen,,,,,,,,,,,,,,,,1,NA
Bitcomo,0,2,1,1,0,0,0,1,0,0,0,0,0,0,0,3,4
Bitdice,,,,,,,,,,,,,,,,1,3
Bitjob,,,,,,,,,,,,,,,,3,3
Bitquence,,,,,,,,,,,,,,,,1,NA
BitRewards,0,1,0,1,1,1,1,1,0,3,2,1,17,12,1,3,3
BlitzPredict,,,,,,,,,,,,,,,,3,3
Block Collider,,,,,,,,,,,,,,,,3,2
Blockbid,0,1,0,1,1,0,0,1,0,3,1,1,11,0,0,3,3
Blockcat,,,,,,,,,,,,,,,,0,3
Blocklancer,,,,,,,,,,,,,,,,1,4
Blockmason,,,,,,,,,,,,,,,,3,4
BlockPool,,,,,,,,,,,,,,,,NA,3
Blocktix,,,,,,,,,,,,,,,,NA,3
BoatPilot,0,0,0,1,0,0,0,0,0,3,1,0,7,3,1,3,3
Bonpay,,,,,,,,,,,,,,,,1,2
Boontech,0,1,0,0,0,1,1,0,0,3,2,0,4,0,0,3,4
Boosteroid,0,1,0,1,1,0,0,0,0,2,0,0,6,2,0,3,3
Bounty0x,,,,,,,,,,,,,,,,1,3
BricBit,,,,,,,,,,,,,,,,2,2
Brickblock,,,,,,,,,,,,,,,,1,2
BunnyToken,,,,,,,,,,,,,,,,1,3
CanYaCoin,,,,,,,,,,,,,,,,1,NA
Cappasity,,,,,,,,,,,,,,,,1,3
CarTaxi Token,,,,,,,,,,,,,,,,1,3
CashBag,,,,,,,,,,,,,,,,3,NA
Caviar,,,,,,,,,,,,,,,,2,3
CCORE,,,,,,,,,,,,,,,,1,2
CDX,0,1,1,0,0,0,0,0,0,0,0,0,0,0,0,3,4
Chainium,,,,,,,,,,,,,,,,1,2
ChronoBank,,,,,,,,,,,,,,,,1,2
ChronoLogic,,,,,,,,,,,,,,,,1,NA
Clinicoin,0,1,1,1,1,0,1,0,0,2,0,0,16,9,1,3,NA
Coindash,,,,,,,,,,,,,,,,3,2
CoinLion,,,,,,,,,,,,,,,,3,2
Coinstarter,,,,,,,,,,,,,,,,0,NA
Cointed,0,1,0,1,0,0,0,0,0,2,0,0,22,1,0,1,2
CommerceBlock,,,,,,,,,,,,,,,,1,2
Concierge.io,,,,,,,,,,,,,,,,1,3
ContractNet,0,1,1,1,0,0,0,0,0,0,0,0,0,0,0,3,4
Corion,,,,,,,,,,,,,,,,1,2
Coss,,,,,,,,,,,,,,,,1,NA
Crazybet,,,,,,,,,,,,,,,,1,3
CREDEROOM,,,,,,,,,,,,,,,,3,2
Crowdholding,,,,,,,,,,,,,,,,0,3
CrowdWiz,,,,,,,,,,,,,,,,3,2
Crypto Credit Card,,,,,,,,,,,,,,,,1,2
Cryptonia Poker,,,,,,,,,,,,,,,,1,3
Cryptoping,,,,,,,,,,,,,,,,3,2
Crypviser,,,,,,,,,,,,,,,,3,1
DA Powerplay,0,1,1,0,0,0,0,0,0,0,0,0,0,0,0,1,NA
daneel,,,,,,,,,,,,,,,,3,3
Dank Signals,,,,,,,,,,,,,,,,3,3
DAO PlayMarket 2,,,,,,,,,,,,,,,,1,3
Datum,,,,,,,,,,,,,,,,3,4
DCORP,0,1,0,0,1,0,1,0,1,3,1,0,9,0,0,NA,NA
Debit Coin,,,,,,,,,,,,,,,,1,2
Decent,,,,,,,,,,,,,,,,3,4
Deex Exchange,,,,,,,,,,,,,,,,3,2
Dent,,,,,,,,,,,,,,,,3,4
DFinity,,,,,,,,,,,,,,,,NA,NA
Digipulse,,,,,,,,,,,,,,,,1,NA
Digitex,0,1,0,1,0,0,1,0,0,1,0,0,0,0,0,3,2
DigixDAO,0,1,1,0,0,0,0,0,0,0,0,0,0,0,0,2,NA
Dimpay,,,,,,,,,,,,,,,,1,2
Dinnerful Network,0,1,0,1,0,0,1,1,0,2,0,0,6,3,0,1,3
District0X,,,,,,,,,,,,,,,,3,4
Divi,0,1,0,1,1,0,1,0,1,3,2,2,13,0,0,1,NA
Doc Coin,,,,,,,,,,,,,,,,3,3
Docademic,,,,,,,,,,,,,,,,3,4
DOVU,,,,,,,,,,,,,,,,3,4
DreamTeam,,,,,,,,,,,,,,,,3,3
DS PLUS,0,1,0,1,1,0,0,0,0,3,1,1,8,5,1,1,3
e-Chat ICO,,,,,,,,,,,,,,,,3,4
EBCoin,,,,,,,,,,,,,,,,1,2
Ecobit,,,,,,,,,,,,,,,,1,NA
eGold,,,,,,,,,,,,,,,,1,4
EncrypGen,0,2,0,1,0,0,0,0,0,0,0,0,0,0,0,3,4
EncryptoTel [WAVES],1,1,0,0,0,0,0,0,0,2,0,0,0,0,0,3,4
Equitybase,,,,,,,,,,,,,,,,2,2
ERISTICA,,,,,,,,,,,,,,,,3,3
Esports,,,,,,,,,,,,,,,,3,4
ESR Wallet,,,,,,,,,,,,,,,,1,2
Ethbet,,,,,,,,,,,,,,,,3,3
Ethbits,,,,,,,,,,,,,,,,3,2
Etheera,,,,,,,,,,,,,,,,2,3
Ethereum.link,,,,,,,,,,,,,,,,2,3
Etherflyer,0,1,2,1,0,1,0,1,0,3,1,1,6,2,0,3,2
Ethersportz,0,1,0,1,1,0,0,1,0,3,2,0,6,7,1,3,4
Ethorse,,,,,,,,,,,,,,,,3,3
Eticket4,,,,,,,,,,,,,,,,3,3
Experty,,,,,,,,,,,,,,,,3,4
Exscudo,,,,,,,,,,,,,,,,3,2
Fabric Token Ecosystem,0,1,1,1,1,1,0,0,0,4,1,1,9,0,0,0,3
FidentiaX,0,1,0,1,0,0,1,1,0,3,2,0,8,0,0,3,2
FirstBlood,0,1,0,0,1,0,0,1,0,3,2,0,4,3,1,3,3
Flixxo,,,,,,,,,,,,,,,,3,4
Foodcoin,0,1,0,1,1,0,0,0,0,1,0,0,0,0,0,3,3
Footballcoin,,,,,,,,,,,,,,,,NA,NA
Fund Platform,0,1,0,1,1,1,1,0,0,3,0,0,9,5,0,1,2
FundRequest,0,1,2,0,1,0,0,0,0,1,0,0,0,0,0,3,3
FundYourselfNow,,,,,,,,,,,,,,,,3,2
Game Machine,0,1,1,1,1,0,0,1,0,3,1,1,9,0,0,1,3
Gamecoin,,,,,,,,,,,,,,,,3,3
GazeCoin,,,,,,,,,,,,,,,,3,4
Genesis Vision,,,,,,,,,,,,,,,,3,2
Genie ICO,,,,,,,,,,,,,,,,1,2
GIFcoin,,,,,,,,,,,,,,,,3,3
Gimli,,,,,,,,,,,,,,,,3,4
Gimmer,,,,,,,,,,,,,,,,3,2
Global Jobcoin,0,1,0,1,1,0,0,0,0,3,1,1,10,0,0,1,2
Goal Bonanza,,,,,,,,,,,,,,,,3,3
Goldmint,,,,,,,,,,,,,,,,2,2
Golem,0,0,1,1,1,0,0,0,0,3,2,1,12,0,0,3,3
Graft,,,,,,,,,,,,,,,,1,2
GUTS Tickets,,,,,,,,,,,,,,,,3,3
Hacken,0,1,0,1,0,0,0,1,1,3,2,0,0,0,0,3,3
Hellogold,,,,,,,,,,,,,,,,1,2
Hero,,,,,,,,,,,,,,,,NA,2
Hicky,,,,,,,,,,,,,,,,3,3
Hive Project,0,1,2,0,0,0,0,0,0,0,0,0,0,0,0,3,3
Hubii Network,,,,,,,,,,,,,,,,3,4
Humaniq,,,,,,,,,,,,,,,,1,2
HydroMiner,,,,,,,,,,,,,,,,NA,NA
Iconiq Lab,,,,,,,,,,,,,,,,0,3
iDice,,,,,,,,,,,,,,,,3,3
Ignite Ratings,,,,,,,,,,,,,,,,3,4
Impak,0,0,2,1,1,1,1,1,0,3,1,1,8,6,0,1,NA
Indicoin,0,0,0,0,0,0,0,0,0,0,0,0,0,0,0,1,NA
Indorse Token,,,,,,,,,,,,,,,,3,4
Insurex,0,0,0,1,1,0,0,0,0,3,1,1,0,4,1,3,3
Internet of Coins,,,,,,,,,,,,,,,,1,2
Investfeed,0,1,0,1,1,0,0,1,0,3,1,1,5,7,1,1,2
IP Exchange,0,1,0,1,1,0,0,1,0,2,0,0,2,0,0,3,3
IQeon,,,,,,,,,,,,,,,,3,3
ititaniumcoin,,,,,,,,,,,,,,,,1,3
ITT,,,,,,,,,,,,,,,,1,2
iXledger,,,,,,,,,,,,,,,,3,2
Joint Ventures,0,1,0,1,1,1,1,1,0,3,1,1,11,5,0,3,4
JOYSO,,,,,,,,,,,,,,,,3,2
Jury.online,,,,,,,,,,,,,,,,3,3
KexCoin,,,,,,,,,,,,,,,,2,3
Kibo,,,,,,,,,,,,,,,,3,3
Komodo,,,,,,,,,,,,,,,,1,NA
LikeCoin,0,1,1,1,1,1,0,0,0,3,2,0,11,4,1,3,4
Lisk,1,2,2,0,0,0,0,0,0,0,0,0,0,0,0,0,NA
Litra,,,,,,,,,,,,,,,,3,4
Live Stars,,,,,,,,,,,,,,,,3,4
LOCIcoin,,,,,,,,,,,,,,,,3,1
Loki,,,,,,,,,,,,,,,,3,4
Lordmancer 2,,,,,,,,,,,,,,,,3,3
LoyalCoin,,,,,,,,,,,,,,,,3,NA
Lucyd,,,,,,,,,,,,,,,,1,3
Lunes Platform,0,1,0,1,1,0,0,1,0,2,0,0,15,0,0,1,2
Lunyr,0,2,1,1,1,1,0,1,1,3,2,2,4,2,1,3,4
LWF,0,1,1,1,1,0,0,1,0,3,2,0,24,0,0,3,4
Lykke,1,2,2,0,0,0,0,0,0,0,0,0,0,0,0,3,2
MAD Network,,,,,,,,,,,,,,,,3,4
Marginless,0,0,0,1,1,1,0,1,0,0,0,0,0,0,0,3,3
Mark Space,,,,,,,,,,,,,,,,3,3
MASS,,,,,,,,,,,,,,,,1,NA
Matchpool,0,1,0,1,0,0,0,0,0,0,0,0,0,0,0,3,3
Matryx,,,,,,,,,,,,,,,,3, NA
MAVRO,,,,,,,,,,,,,,,,1,2
Measurable Data Token,,,,,,,,,,,,,,,,3,4
Media Network Token,,,,,,,,,,,,,,,,3,4
MeeTip,0,1,0,0,0,0,0,0,0,3,2,0,5,0,0,3,3
MEGA X,0,0,0,1,1,0,0,1,0,2,0,0,8,7,0,3,4
Melon,,,,,,,,,,,,,,,,2,2
Metal,,,,,,,,,,,,,,,,1,2
MindSports,,,,,,,,,,,,,,,,3,3
Mingo,,,,,,,,,,,,,,,,1,NA
Miniapps,0,1,0,1,1,0,1,1,0,3,2,2,7,8,1,3,3
Mira,,,,,,,,,,,,,,,,3,2
Mirocana,1,1,0,1,1,0,0,1,0,2,0,0,8,0,0,3,2
MOBILINK-COIN,,,,,,,,,,,,,,,,3,4
Monster Byte,,,,,,,,,,,,,,,,3,3
Money Rebel,0,1,0,1,1,0,0,0,0,3,2,1,11,4,0,,
Moria,,,,,,,,,,,,,,,,1,3
Mothership,,,,,,,,,,,,,,,,1,2
MVLchain,,,,,,,,,,,,,,,,1,3
MyBit Token,,,,,,,,,,,,,,,,2,3
MyWish,0,1,0,1,1,1,0,0,0,0,0,0,0,0,0,3,NA
Native Video Box,,,,,,,,,,,,,,,,3,4
NAU,,,,,,,,,,,,,,,,3,3
Neblio,,,,,,,,,,,,,,,,0,NA
Nebula AI,,,,,,,,,,,,,,,,0,3
NEO,,,,,,,,,,,,,,,,3,1
NEXT.exchange,0,0,0,1,0,0,0,0,0,3,1,0,4,0,0,3,2
Nitro,,,,,,,,,,,,,,,,3,3
NVO,,,,,,,,,,,,,,,,3,2
Obsidian,,,,,,,,,,,,,,,,1,NA
ODEM,,,,,,,,,,,,,,,,3,3
ONZ Coin,,,,,,,,,,,,,,,,3,4
Opus,0,2,2,1,1,0,0,1,1,1,0,0,0,0,0,3,4
Orozu,,,,,,,,,,,,,,,,1,2
Oxycoin,,,,,,,,,,,,,,,,3,2
Pally,,,,,,,,,,,,,,,,1,2
Paragon,0,1,1,1,1,0,0,1,0,3,1,2,12,13,1,1,4
Patientory,,,,,,,,,,,,,,,,3,4
PayPro,,,,,,,,,,,,,,,,1,2
PCC,,,,,,,,,,,,,,,,3,NA
Peur,0,0,0,1,1,1,1,1,1,2,0,0,10,4,0,1,3
Pikcio Chain,,,,,,,,,,,,,,,,3,1
Plancoin,,,,,,,,,,,,,,,,1,2
PlusCoin,,,,,,,,,,,,,,,,1,2
Plutus,,,,,,,,,,,,,,,,1,2
Pointium,,,,,,,,,,,,,,,,3,3
Ponder,,,,,,,,,,,,,,,,3,3
Primalbase Token,,,,,,,,,,,,,,,,3,3
Privatix,,,,,,,,,,,,,,,,3,3
Proof Suite,0,0,1,1,0,0,0,0,0,0,0,0,0,0,0,3,2
Protos,,,,,,,,,,,,,,,,2,2
Prover,,,,,,,,,,,,,,,,3,1
Publica,0,1,0,0,0,0,0,1,0,2,0,0,3,5,0,3,4
Qchain,0,0,0,0,0,0,0,0,0,0,0,0,0,0,0,3,3
Quantum Resistant Ledger,,,,,,,,,,,,,,,,1,NA
QUANTUM,,,,,,,,,,,,,,,,NA,2
Quantum1Net,,,,,,,,,,,,,,,,1,NA
Qvolta,,,,,,,,,,,,,,,,3,2
Raison,,,,,,,,,,,,,,,,3,2
Rasputin,,,,,,,,,,,,,,,,3,4
Realisto,,,,,,,,,,,,,,,,2,2
Reality Clash,,,,,,,,,,,,,,,,3,3
Render,,,,,,,,,,,,,,,,1,3
Rex,,,,,,,,,,,,,,,,3,4
RoboAdvisorCoin,,,,,,,,,,,,,,,,3,3
Rotharium,,,,,,,,,,,,,,,,0,3
Sand Coin,0,0,0,0,0,0,0,0,0,1,0,0,0,0,0,2,3
SCORUM,,,,,,,,,,,,,,,,3,4
Scrinium,,,,,,,,,,,,,,,,3,2
Sharpay,,,,,,,,,,,,,,,,3,NA
Sharpe Capital,0,1,1,1,0,1,1,0,0,3,1,1,5,6,1,3,2
Shping,,,,,,,,,,,,,,,,3,4
Signals,,,,,,,,,,,,,,,,3,2
SingularDTV,,,,,,,,,,,,,,,,3,4
Sint,,,,,,,,,,,,,,,,1,2
Skara,,,,,,,,,,,,,,,,3,4
Skincoin,,,,,,,,,,,,,,,,3,3
Smart Investment Fund,,,,,,,,,,,,,,,,3,2
Smartbillions,,,,,,,,,,,,,,,,3,3
Smartlands,0,2,0,1,1,0,0,0,0,0,0,0,0,0,0,2,2
SmartOne,0,1,1,1,1,0,1,1,0,3,1,1,11,2,1,0,3
Snip,,,,,,,,,,,,,,,,3,4
Snovio,,,,,,,,,,,,,,,,3,4
Sociall,,,,,,,,,,,,,,,,3,3
SocialMedia Market,,,,,,,,,,,,,,,,3,4
Sola,,,,,,,,,,,,,,,,3,4
Soma,0,1,1,0,0,0,0,0,0,2,0,0,10,4,0,1,3
Sp8de,0,2,1,1,1,0,1,1,0,3,2,2,6,12,1,3,3
Spankchain,,,,,,,,,,,,,,,,3,4
Spectiv,,,,,,,,,,,,,,,,3,4
SportyCo,,,,,,,,,,,,,,,,3,3
SportyFi,0,1,0,1,1,0,0,1,1,3,1,2,10,12,1,3,3
SRCOIN,,,,,,,,,,,,,,,,1,3
SRG,,,,,,,,,,,,,,,,3,3
Starta,,,,,,,,,,,,,,,,3,2
StarterCoin,,,,,,,,,,,,,,,,0,2
STeX,,,,,,,,,,,,,,,,3,2
StockChain,,,,,,,,,,,,,,,,3,2
SunContract,,,,,,,,,,,,,,,,3,3
SunMoney,,,,,,,,,,,,,,,,2,3
Suretly,,,,,,,,,,,,,,,,3,2
Swarm,,,,,,,,,,,,,,,,2,3
Swicheo,,,,,,,,,,,,,,,,3,2
SyncFab,,,,,,,,,,,,,,,,3,4
Synereo,,,,,,,,,,,,,,,,3,3
TaaS,,,,,,,,,,,,,,,,2,2
Take Profit,,,,,,,,,,,,,,,,3,4
Taklimakan Network,,,,,,,,,,,,,,,,3,3
Tap Project,0,1,1,1,1,0,1,1,0,3,1,0,4,0,0,3,3
Taylor,0,1,0,1,1,0,1,1,0,3,1,1,10,9,1,3,2
Tele2 Teleport,,,,,,,,,,,,,,,,3,3
TEND,,,,,,,,,,,,,,,,3,2
Ties Network,,,,,,,,,,,,,,,,3,4
Tokenbox,,,,,,,,,,,,,,,,3,2
TokenLend,0,0,0,1,1,1,0,0,0,3,1,1,6,4,0,3,2
TokenStars,,,,,,,,,,,,,,,,3,4
TomoChain,,,,,,,,,,,,,,,,0,NA
TravelChain,,,,,,,,,,,,,,,,3,4
Trueflip,,,,,,,,,,,,,,,,3,3
Truegame,,,,,,,,,,,,,,,,3,3
uKit,,,,,,,,,,,,,,,,3,3
vDice,,,,,,,,,,,,,,,,3,3
Velix.ID,,,,,,,,,,,,,,,,3,1
Verify,,,,,,,,,,,,,,,,3,1
Vestarin,,,,,,,,,,,,,,,,NA,NA
VEVUE,,,,,,,,,,,,,,,,3,4
Vezt,,,,,,,,,,,,,,,,3,3
VIBE,,,,,,,,,,,,,,,,3,NA
VinChain,,,,,,,,,,,,,,,,3,4
Wala,,,,,,,,,,,,,,,,1,2
WandX,,,,,,,,,,,,,,,,3,2
WeTrust,0,0,1,1,0,0,1,1,0,3,2,2,11,6,1,3,2
Wings,1,2,0,0,0,0,0,0,1,0,0,0,0,0,0,3,4
Wolk,,,,,,,,,,,,,,,,3,4
Worldcore,,,,,,,,,,,,,,,,1,2
X8 Project,,,,,,,,,,,,,,,,1,2
Xwin CryptoBet,0,2,0,0,1,0,0,1,0,0,0,0,0,0,0,3,3
Zap,,,,,,,,,,,,,,,,0,NA
Zebi,,,,,,,,,,,,,,,,3,4
Zipper,,,,,,,,,,,,,,,,0,NA
ZrCoin,,,,,,,,,,,,,,,,NA,NA
nonmil,,,,,,,,,,,,,,,,,
3DES,,,,,,,,,,,,,,,,3,3
7ype,,,,,,,,,,,,,,,,2,2
8 Circuit Studios,,,,,,,,,,,,,,,,0,3
2100NEWS ICO,0,1,0,1,1,0,0,0,0,3,1,1,17,9,0,3,4
AdSigma,,,,,,,,,,,,,,,,3,4
Agora,,,,,,,,,,,,,,,,3,4
AIREXE,0,1,0,1,0,0,0,0,0,3,1,1,25,6,1,3,2
Akaiito,0,1,0,1,1,0,0,0,0,0,0,0,0,0,0,1,2
Algory,0,0,0,1,0,0,0,0,0,0,0,0,0,0,0,3,2
Alpencoin,,,,,,,,,,,,,,,,3,2
Angel Token,0,0,0,1,0,0,0,0,0,0,0,0,0,0,0,2,2
Apptrade,0,0,0,0,0,0,0,0,0,0,0,0,0,0,0,3,2
ArbitrageCT,,,,,,,,,,,,,,,,3,2
Ark,,,,,,,,,,,,,,,,0,3
Arker,,,,,,,,,,,,,,,,3,3
ARNA Panacea,,,,,,,,,,,,,,,,3,4
Assetron Energy,,,,,,,,,,,,,,,,,
Autonio,,,,,,,,,,,,,,,,,
Avalon,0,0,0,1,0,1,0,0,0,1,0,0,0,0,0,,
Back to Earth,,,,,,,,,,,,,,,,,
Battle of Titans,,,,,,,,,,,,,,,,,
Becksang,,,,,,,,,,,,,,,,,
BET Network,,,,,,,,,,,,,,,,,
Billionaire Token,0,1,0,1,0,0,0,1,0,1,0,0,0,0,0,,
Billpoker,,,,,,,,,,,,,,,,,
Bitcrystals,,,,,,,,,,,,,,,,,
Bitpark Coin,,,,,,,,,,,,,,,,,
BlockCDN,0,1,0,1,1,0,0,0,0,0,0,0,0,0,0,,
blocksquare.io,,,,,,,,,,,,,,,,,
Blok,,,,,,,,,,,,,,,,,
Bolenum,,,,,,,,,,,,,,,,,
Bowhead,,,,,,,,,,,,,,,,,
burstIQ,,,,,,,,,,,,,,,,,
Cash Poker Pro,0,1,0,1,0,0,0,1,1,2,0,0,12,0,0,,
Christ Coins,,,,,,,,,,,,,,,,,
Circles,0,1,0,1,1,0,0,0,0,3,1,0,7,0,0,,
Coinloan,,,,,,,,,,,,,,,,,
CoinPlace,,,,,,,,,,,,,,,,,
Contingency,,,,,,,,,,,,,,,,,
Crazy Shapes,,,,,,,,,,,,,,,,,
Creativecoin,,,,,,,,,,,,,,,,,
Cryptoforecast,,,,,,,,,,,,,,,,,
CryptoTask,,,,,,,,,,,,,,,,,
Cryptum,,,,,,,,,,,,,,,,,
Customizable Basic Income,,,,,,,,,,,,,,,,,
Darcrus,,,,,,,,,,,,,,,,,
Darenta,0,1,0,1,0,0,0,1,0,3,1,2,14,9,1,,
Databroker DAO,,,,,,,,,,,,,,,,,
Delphi,0,0,0,1,0,0,0,0,0,0,0,0,0,0,0,,
Dentacoin,,,,,,,,,,,,,,,,,
DES,,,,,,,,,,,,,,,,,
Digi Token,,,,,,,,,,,,,,,,,
DisLedger,,,,,,,,,,,,,,,,,
Doft,0,1,0,1,1,0,1,0,0,3,1,0,3,3,0,,
Dogezer,,,,,,,,,,,,,,,,,
Dolphin BI,,,,,,,,,,,,,,,,,
E4ROW,0,1,0,1,1,0,1,1,0,1,0,0,0,0,0,,
eGaaS,,,,,,,,,,,,,,,,,
Eloplay,0,0,0,1,0,0,0,0,0,0,0,0,0,0,0,,
EMU,,,,,,,,,,,,,,,,,
EnLedger,,,,,,,,,,,,,,,,,
Epocum,,,,,,,,,,,,,,,,,
Equibit,,,,,,,,,,,,,,,,,
ETCH,,,,,,,,,,,,,,,,,
Ethearnal,,,,,,,,,,,,,,,,,
Etheriya,0,1,0,0,0,0,0,0,0,0,0,0,0,0,0,,
Ethernal Heroes,,,,,,,,,,,,,,,,,
Etheroll,,,,,,,,,,,,,,,,,
EtherSport,,,,,,,,,,,,,,,,,
Ethino,0,1,1,1,1,1,0,1,0,1,0,0,0,0,0,,
eWaiter,,,,,,,,,,,,,,,,,
Extra Credit,,,,,,,,,,,,,,,,,
FAPCoin,,,,,,,,,,,,,,,,,
Farad,,,,,,,,,,,,,,,,,
Fidcom,,,,,,,,,,,,,,,,,
FinTab,,,,,,,,,,,,,,,,,
Fluence,,,,,,,,,,,,,,,,,
Follow Coin,,,,,,,,,,,,,,,,,
Fortitude Ranch,,,,,,,,,,,,,,,,,
Fox Trading,,,,,,,,,,,,,,,,,
FTB,,,,,,,,,,,,,,,,,
Genevieve,,,,,,,,,,,,,,,,,
Gilgam,,,,,,,,,,,,,,,,,
Gilgames,,,,,,,,,,,,,,,,,
Gluon,0,1,0,0,0,0,0,0,0,3,1,2,9,9,1,,
Godzillion,,,,,,,,,,,,,,,,,
GoHelpFund,,,,,,,,,,,,,,,,,
Golden Fleece,,,,,,,,,,,,,,,,,
Golos,,,,,,,,,,,,,,,,,
Health Monitor,,,,,,,,,,,,,,,,,
Hirematch,,,,,,,,,,,,,,,,,
Horizon State,0,1,0,1,1,0,1,0,0,3,1,0,5,6,0,,
Hunt Bet,,,,,,,,,,,,,,,,,
Iconic Ecosystem,0,0,0,1,1,0,0,1,0,3,1,0,3,9,1,,
Integrative Wallet,0,0,0,1,1,0,0,0,0,1,0,0,0,0,0,,
Internxt,0,0,1,0,0,0,0,0,0,0,0,0,0,0,0,,
Iota,,,,,,,,,,,,,,,,,
Javvy Crypto Solution,0,0,0,1,1,0,0,1,0,1,0,0,0,0,0,,
Jincor,,,,,,,,,,,,,,,,,
Just Dating Site,,,,,,,,,,,,,,,,,
Kapu,,,,,,,,,,,,,,,,,
KWHCoin,,,,,,,,,,,,,,,,,
Last Will,,,,,,,,,,,,,,,,,
LevelNet,,,,,,,,,,,,,,,,,
LeviarCoin,0,1,0,0,0,0,0,0,0,0,0,0,0,0,0,,
Life Change,,,,,,,,,,,,,,,,,
Litecoin Cash,,,,,,,,,,,,,,,,,
LiveTree ADEPT,,,,,,,,,,,,,,,,,
Lookrev,,,,,,,,,,,,,,,,,
Luxcoin,,,,,,,,,,,,,,,,,
Macroverse,0,1,2,0,0,0,0,1,0,0,0,0,0,0,0,,
MakeItViral,,,,,,,,,,,,,,,,,
Mass coin,,,,,,,,,,,,,,,,,
MDK,0,1,0,1,0,0,0,0,0,3,1,1,7,0,0,,
MediBond,,,,,,,,,,,,,,,,,
Memessenger,,,,,,,,,,,,,,,,,
Mill of Blood,,,,,,,,,,,,,,,,,
Minex,0,0,1,1,0,0,0,0,1,0,0,0,0,0,0,,
Minexcoin,,,,,,,,,,,,,,,,,
Misscoin,0,0,0,1,1,0,0,0,0,3,1,1,6,1,0,,
MITO,,,,,,,,,,,,,,,,,
Mondo,0,0,0,1,1,0,0,0,0,0,0,0,0,0,0,,
Multibot,,,,,,,,,,,,,,,,,
Nametoken,,,,,,,,,,,,,,,,,
Nimfamoney,0,0,0,1,1,0,0,0,0,3,1,0,4,0,0,,
Ninth Wonder,0,1,0,0,0,0,0,0,0,0,0,0,0,0,0,,
Nocta,,,,,,,,,,,,,,,,,
Noxbox,,,,,,,,,,,,,,,,,
ODMC,,,,,,,,,,,,,,,,,
Origami Network,0,0,0,1,1,1,0,0,0,3,1,1,3,0,0,,
Papyrus,,,,,,,,,,,,,,,,,
Paquarium,0,0,0,0,0,0,0,0,0,3,1,1,11,0,0,,
Particl,,,,,,,,,,,,,,,,,
Payfair,,,,,,,,,,,,,,,,,
Peerguess,,,,,,,,,,,,,,,,,
Peerplays,,,,,,,,,,,,,,,,,
Peoplewave,,,,,,,,,,,,,,,,,
Pixiu,,,,,,,,,,,,,,,,,
PokerSports,,,,,,,,,,,,,,,,,
Procommerce,,,,,,,,,,,,,,,,,
PROPX,,,,,,,,,,,,,,,,,
Prospectors Gold,,,,,,,,,,,,,,,,,
Pylon,,,,,,,,,,,,,,,,,
Rakugo,0,1,2,0,0,0,0,0,0,0,0,0,0,0,0,,
Rega,0,1,1,1,0,0,0,1,0,3,1,1,5,3,0,,
Render Payment,0,0,0,1,0,1,0,0,0,0,0,0,0,0,0,,
Riptide Coin,,,,,,,,,,,,,,,,,
Robot Vera,,,,,,,,,,,,,,,,,
Rockchain,,,,,,,,,,,,,,,,,
Rocket ICO,0,1,0,1,0,0,0,0,1,2,0,0,18,0,0,,
Royal Kingdom Coin,,,,,,,,,,,,,,,,,
Rpay,,,,,,,,,,,,,,,,,
Rustbits,,,,,,,,,,,,,,,,,
RxEAL,,,,,,,,,,,,,,,,,
S3ntigraph,,,,,,,,,,,,,,,,,
Sahara Chain,,,,,,,,,,,,,,,,,
Scorista,,,,,,,,,,,,,,,,,
Shard,,,,,,,,,,,,,,,,,
ShineCoin,,,,,,,,,,,,,,,,,
Smoke Exchange,,,,,,,,,,,,,,,,,
Smoke,,,,,,,,,,,,,,,,,
Solar DAO,0,0,0,1,1,0,0,0,0,3,0,0,3,0,0,,
Sosnovkino,,,,,,,,,,,,,,,,,
Spectrecoin,0,0,0,0,0,0,0,1,1,1,0,0,0,0,0,,
Spheris,,,,,,,,,,,,,,,,,
Stash,,,,,,,,,,,,,,,,,
Stratis,,,,,,,,,,,,,,,,,
Stuffgogo,1,1,0,0,0,0,0,0,0,3,0,0,3,0,0,,
Synchrolife,,,,,,,,,,,,,,,,,
Synexcoin,,,,,,,,,,,,,,,,,
Tensor Box,0,1,0,1,1,0,0,1,1,3,0,0,4,0,0,,
Tensorbit,,,,,,,,,,,,,,,,,
Tigereum,,,,,,,,,,,,,,,,,
Tokes,,,,,,,,,,,,,,,,,
Trackr,,,,,,,,,,,,,,,,,
Transmission,1,0,0,0,0,0,0,0,0,3,2,0,6,3,1,,
Triforce Tokens,,,,,,,,,,,,,,,,,
TripAlly,,,,,,,,,,,,,,,,,
Unicoin,,,,,,,,,,,,,,,,,
Unit Fund,0,0,1,1,0,0,0,1,0,0,0,0,0,0,0,,
Upfiring,,,,,,,,,,,,,,,,,
Vacuum,,,,,,,,,,,,,,,,,
Vega Intelligent Solutions,,,,,,,,,,,,,,,,,
Voise,0,0,0,0,0,0,0,0,0,0,0,0,0,0,0,,
Vote Coin,,,,,,,,,,,,,,,,,
Webcoin,0,1,1,1,1,0,0,1,0,0,0,0,0,0,0,,
Whyral,,,,,,,,,,,,,,,,,
Wild Crypto,0,1,0,1,0,0,0,0,0,1,0,0,0,0,0,,
Wu Tang Coin,,,,,,,,,,,,,,,,,
Xronos,,,,,,,,,,,,,,,,,
Zenome,,,,,,,,,,,,,,,,,
Zloadr,,,,,,,,,,,,,,,,,
Equi,0,1,0,1,1,0,0,0,0,3,1,0,2,0,0,,
nondata,,,,,,,,,,,,,,,,,
1World,0,1,1,1,1,0,0,1,0,3,1,2,29,0,0,,
AdPump,0,1,0,1,1,0,0,0,0,3,0,0,2,3,0,,
Agrivita,0,1,0,1,0,0,0,1,0,3,0,0,6,0,0,,
Anacoin,0,1,0,0,0,0,0,0,0,3,1,0,1,0,0,,
BactoAlarm,0,0,0,1,0,0,0,1,0,2,0,0,9,0,0,,
Blocksale,0,1,0,1,1,0,0,0,0,1,0,0,0,0,0,,
Bopti,0,1,0,1,1,0,0,0,0,3,1,1,6,5,1,,
BTRiC,0,0,1,0,0,0,0,1,1,3,1,0,3,0,0,,
CamOnRoad,0,1,0,0,1,0,0,0,0,3,2,0,8,0,0,,
CorCom,0,1,1,1,0,0,0,0,0,3,0,1,9,5,0,,
Dream Token,0,0,0,0,0,0,0,0,0,0,0,0,0,0,0,,
Etcetera,0,1,0,1,1,1,1,0,0,1,0,0,0,0,0,,
ETH Lottery,0,2,0,1,1,0,0,0,0,1,0,0,0,0,0,,
Futourist,0,1,0,1,1,1,1,1,0,1,0,0,0,0,0,,
Gainz Token,0,1,0,1,1,0,0,1,0,3,2,0,0,0,0,,
Gas,0,0,0,1,1,0,0,0,0,3,2,1,7,3,1,,
Gems,0,1,1,0,0,0,0,0,0,1,0,0,0,0,0,,
Gilgamesh Platform,0,1,0,1,1,1,1,0,0,3,1,0,0,0,0,,
Hashtoken,0,0,0,0,0,0,0,0,0,0,0,0,0,0,0,,
Imperium,0,1,0,1,0,0,1,0,0,0,0,0,0,0,0,,
Interest Coin,0,1,0,0,0,0,0,0,0,1,0,0,0,0,0,,
KredX,0,1,1,0,0,0,0,0,0,1,0,0,0,0,0,,
LendingStar Exchange,0,1,1,0,0,0,0,0,0,0,0,0,0,0,0,,
Live Show,0,1,0,1,1,0,0,0,0,3,2,2,5,0,0,,
LucisDollar,1,1,1,1,1,0,0,1,0,3,1,0,2,8,0,,
Lust,0,1,0,1,0,0,0,0,0,0,0,0,0,0,0,,
Lytictail,1,0,2,0,1,0,0,1,0,1,0,0,0,0,0,,
Mining Solutions,0,1,0,1,1,0,0,1,0,3,0,0,4,2,1,,
Monartis,0,1,0,1,1,0,0,1,0,3,1,1,8,0,0,,
Moncrypt,0,0,0,0,0,0,0,0,0,0,0,0,0,0,0,,
ONG Coin,0,1,0,1,0,0,0,1,0,2,0,0,7,5,0,,
PentaCore,0,0,0,0,0,0,0,0,0,1,0,0,0,0,0,,
Pingvalue,0,1,0,1,1,1,0,1,0,3,1,1,3,4,1,,
Qbao,1,2,0,1,1,1,1,1,0,1,0,0,0,0,0,,
RAAcoin,0,1,0,1,1,0,0,0,0,1,0,0,0,0,0,,
RChain,1,2,0,1,0,0,0,0,0,3,2,1,8,3,1,,
Reftoken,0,0,0,1,1,0,0,0,0,0,0,0,0,0,0,,
Rocket Pool,0,0,0,1,1,0,0,0,0,3,1,0,2,0,0,,
Sinergia Blockchain,0,1,0,1,1,0,0,0,0,2,0,0,12,0,0,,
Smartprogress,0,0,0,1,1,0,0,0,0,3,1,0,2,0,0,,
Soferox,1,1,1,0,0,0,0,0,0,0,0,0,0,0,0,,
SunMultiwallet,0,0,0,1,0,0,0,0,0,3,0,1,3,0,0,,
Sur-Ple,0,1,1,1,1,0,0,0,1,3,1,0,3,1,1,,
Thrintel Market,0,0,0,1,1,0,0,0,0,1,0,0,0,0,0,,
Trendit,0,1,0,1,0,0,0,1,0,3,1,0,8,2,0,,
Ventureon,0,1,0,1,0,0,0,0,0,1,0,0,0,0,0,,
Viso,0,1,0,1,1,0,0,0,0,3,1,0,6,0,0,,
xchainge,1,2,2,1,1,0,1,1,1,3,1,2,17,7,1,,
APIS,0,0,0,1,1,0,0,1,1,0,0,0,0,0,0,,
Aware,1,1,0,0,1,1,1,1,1,3,1,2,5,7,1,,
BlockFollow,0,0,0,1,1,0,0,1,0,2,0,0,0,0,0,,
CargoX,0,1,0,1,1,0,0,0,0,0,0,0,0,0,0,,
CryptoXpress,0,0,0,0,0,0,0,0,0,0,0,0,0,0,0,,
CyberX,1,0,0,0,0,0,0,0,0,0,0,0,0,0,0,,
Demeter,0,1,0,0,0,0,0,0,0,3,1,1,4,2,0,,
eco-NAN,0,0,0,1,1,0,0,1,0,2,1,0,10,1,0,,
ehab,0,1,0,1,1,1,0,1,0,0,0,0,0,0,0,,
Ellcrys,1,1,1,1,0,0,0,0,0,2,0,0,7,5,0,,
ErosCoin,0,0,0,1,1,0,0,0,0,0,0,0,0,0,0,,
FAST INVEST,0,1,0,1,1,0,0,1,0,0,0,0,0,0,0,,
FUELDApp,1,1,0,1,1,0,0,0,0,3,1,1,6,6,1,,
FutureWorks Token,0,1,0,1,1,1,0,1,0,1,0,0,0,0,0,,
Global Metrology Project,0,1,0,1,1,0,0,1,1,0,0,0,0,0,0,,
Golden Alliance,0,1,0,1,1,0,0,0,0,3,0,0,6,0,0,,
GPCC,0,1,0,1,0,0,0,0,0,2,0,0,4,0,0,,
Gym Coin,0,1,0,1,0,0,0,1,0,3,0,0,3,2,0,,
IcoBasis,0,0,0,0,1,0,0,0,0,0,0,0,0,0,0,,
jboxcoin,0,1,0,0,0,0,0,0,0,0,0,0,0,0,0,,
Kencoin,0,1,0,1,1,0,0,0,0,3,1,1,3,0,0,,
KStarCoin,0,2,0,1,1,0,0,1,0,3,0,1,7,5,1,,
Machtcoin,0,2,0,1,1,0,0,1,1,0,0,0,0,0,0,,
MaskNetwork,0,0,0,1,0,0,0,0,0,0,0,0,0,0,0,,
MCX,0,0,0,0,0,0,0,0,0,0,0,0,0,0,0,,
MD Tokens,0,0,0,1,0,0,0,1,0,3,0,2,10,0,0,,
Monaize,0,1,0,1,1,0,1,1,0,2,0,0,7,0,0,,
Neunet,0,1,0,1,1,0,1,1,0,3,1,0,2,0,0,,
NOLLYCOIN,0,1,0,1,0,0,0,1,0,3,1,1,6,14,0,,
Notary,0,0,0,1,1,0,0,1,0,3,1,1,8,4,0,,
OVATO,0,1,1,1,1,1,0,1,0,3,2,1,17,0,0,,
Protex,0,1,2,1,1,0,0,0,0,3,1,1,4,0,0,,
Rate3,0,1,0,1,1,0,0,1,0,2,0,0,10,14,0,,
RAVELOUS,0,1,0,1,1,0,1,1,1,3,1,0,5,1,0,,
Real Property Token,0,1,0,1,0,0,0,0,0,2,0,0,11,2,0,,
SALPay,0,1,1,1,1,0,0,1,0,2,0,0,8,0,0,,
Sinergia,0,1,0,1,1,0,0,0,0,2,0,0,11,0,0,,
Sintez,0,1,1,1,1,1,0,0,0,1,0,0,0,0,0,,
Startima,0,1,0,1,0,0,0,0,0,2,0,0,6,11,0,,
SuperDAO,0,1,0,0,0,0,0,0,0,0,0,0,0,0,0,,
The Advertising Currency,0,0,0,1,1,0,0,0,0,1,0,0,0,0,0,,
Trippki,0,0,1,0,0,0,0,0,0,0,0,0,0,0,0,,
Universal Labs,1,1,1,0,0,0,0,1,0,1,0,0,0,0,0,,
Vector,0,0,0,1,1,0,0,1,0,1,0,0,0,0,0,,
Whizz Coin,0,1,0,1,1,0,0,0,0,3,0,0,1,0,0,,
Wireline,1,0,0,0,0,1,1,0,1,3,1,0,5,6,0,,
Zabercoin,0,1,0,1,0,0,0,0,0,2,0,0,2,0,0,,
Zerotraffic,0,2,0,0,0,0,0,0,0,3,1,0,4,0,0,,
AntiqMall,0,1,0,1,1,0,0,0,0,1,0,0,0,0,0,,
Biometrids,0,2,0,1,0,1,0,0,0,1,0,0,0,0,0,,
Blockshipping GSCP,0,1,1,1,1,0,0,1,0,3,1,0,4,4,1,,
CRYCASH,0,1,0,1,1,1,1,1,0,3,2,0,5,2,0,,
Cryptonex,0,0,0,0,1,0,0,0,0,2,1,0,9,0,0,,
Deep Gold,0,2,0,1,0,0,0,0,0,1,0,0,0,0,0,,
DomusCoins,0,0,0,1,0,1,0,1,0,1,0,0,0,0,0,,
Engraved,0,1,2,0,1,0,0,0,0,0,0,0,0,0,0,,
Ethereum Metal,0,0,0,0,0,0,0,1,0,0,0,0,0,0,0,,
Ethos,0,0,0,0,0,0,0,0,0,1,0,0,0,0,0,,
FreelancerCoin,0,1,0,1,1,0,0,1,0,3,1,0,4,5,0,,
Genesis World,0,0,1,1,0,0,0,0,0,0,0,0,0,0,0,,
Giftz.io,0,0,0,1,1,0,0,1,0,0,0,0,0,4,0,,
Grace,0,0,1,1,1,0,0,0,0,0,0,0,0,0,0,,
HighCastle,1,0,0,1,0,0,0,0,0,3,0,0,3,1,0,,
Hiveway,1,1,0,1,1,0,0,1,1,0,0,0,0,0,0,,
Hybrid Betting,0,0,0,1,1,0,0,1,0,0,0,0,0,0,0,,
Invox Finance,0,0,0,1,1,0,0,1,0,1,0,0,0,0,0,,
iQuant,0,0,0,0,0,0,0,0,0,3,1,0,4,0,0,,
Izetex,0,1,1,0,0,0,0,0,0,0,0,0,0,0,0,,
JoinGrowth,0,1,0,1,0,0,1,1,0,3,1,1,15,0,0,,
Krios,0,0,0,1,1,0,0,1,0,2,0,0,18,0,0,,
Librium,0,0,2,1,1,0,0,0,0,3,1,0,5,0,0,,
MRAToken,0,0,1,1,0,0,0,0,0,1,0,0,0,0,0,,
MyOddz,0,1,0,1,0,0,0,0,0,1,0,0,0,0,0,,
Nami.Trade,1,1,0,1,1,0,0,1,0,3,0,1,3,0,0,,
NKN,1,1,2,,,,,,,,,,,,,,
NEWS,0,0,1,0,0,0,0,0,0,0,0,0,0,0,0,,
NOKU,0,0,0,1,1,0,1,0,0,3,1,0,8,4,1,,
Opakeco,0,0,0,1,1,0,1,0,1,3,1,1,6,0,0,,
Persona,0,2,0,1,1,0,0,1,0,3,2,0,3,0,0,,
Proxycard,0,1,0,0,1,0,0,0,0,1,0,0,0,0,0,,
Puff Puff Network,0,1,0,1,1,0,0,0,0,1,0,0,0,0,0,,
Quantocoin,0,1,0,0,1,0,0,0,0,1,0,0,0,0,0,,
REVV Coin,1,0,2,0,0,0,0,0,0,0,0,0,0,0,0,,
sharder protocol,0,0,0,1,1,0,1,0,0,3,1,1,17,3,0,,
Silvercoin,0,1,0,1,0,0,0,0,0,0,0,0,0,0,0,,
SISA,0,0,0,1,0,0,0,1,0,3,1,1,6,0,0,,
Stelcoin,0,0,0,1,1,0,0,1,0,0,0,0,0,0,0,,
Streamity,0,1,0,1,1,0,0,0,0,3,2,1,12,4,1,,
Target Coin,0,0,0,0,1,0,0,0,0,0,0,0,0,0,0,,
Tipper,1,2,0,0,0,0,0,0,0,0,0,0,0,0,0,,
TrafficX,0,1,0,0,0,0,0,0,0,0,0,0,0,0,0,,
VENDEX,0,1,0,1,0,1,0,0,0,2,0,0,12,0,0,,
Vista Fintech,1,1,0,1,0,0,1,0,0,3,1,0,2,0,0,,
Water to the World,0,1,0,1,0,0,0,0,0,3,0,0,4,5,2,,
WYS,0,1,0,1,1,1,0,0,0,1,0,0,0,0,0,,
XZEN,1,0,0,0,1,0,1,1,0,1,0,0,0,0,0,,
YooPing,0,1,1,0,0,0,0,0,0,0,0,0,0,0,0,,